Company Name,Website,City,Segment,What They Make,Revenue Band,Decision Maker,DM Title,DM Background,C1 Manufacturer Score,C1 Evidence,C2 India Score,C2 Evidence,C3 Differentiation Score,C3 Evidence,C4 Tech DM Score,C4 Evidence,C5 Tailwind Score,C5 Evidence,C6 Growth Score,C6 Evidence,Federer Score,Score Band,Verdict,Verdict Reasoning,Personalization Hook,Evidence Sources
Innovassynth Technologies,innovassynth.com,Pune,Custom synthesis / specialty chemicals,"Custom pharma intermediates, nucleosides, and oligonucleotides",Rs.100-300Cr,Hardik Deshmukh,CEO,"Technical leadership, deep background in scaling CDMO operations",Strong,"Large manufacturing plant in Khopoli, R&D in Pune. True manufacturer scaling from lab to commercial.",Strong,"HQ in Pune, manufacturing in Maharashtra.",Strong,"Specializes in complex nucleoside chemistry and protected amino acids. Niche capabilities not easily replicated by bulk chemical plants.",Strong,"Technical leadership driving complex custom synthesis. R&D-led organizational structure.",Strong,"Strong China+1 CDMO tailwinds and boom in oligonucleotide-based therapeutics.",Moderate,"Consistent revenue growth, expanding pilot plant capacity. Signals: Facility + Financial.",85,A — Strong Federer,Strong Pass,"Strong CDMO Federer profile. Technical depth in nucleosides aligns perfectly with current pharma tailwinds, moving from lab scale to commercial scale.",Noticed your ongoing capacity expansion to 800 MTPA for custom nucleosides to capture the growing oligo therapeutics market.,innovassynth.com; MCA filings; facility expansion press release
Intignus Biotech,intignus.in,Pune,Specialty diagnostics,"Point-of-care early diagnosis devices for pregnancy disorders (preeclampsia)",<Rs.50Cr,Vaishnavi Kulkarni,Founder & CEO,"Scientist founder, biotechnology researcher",Moderate,"Asset-light manufacturing currently, moving towards integrated production of proprietary kits.",Strong,"HQ and labs in Pune.",Strong,"Proprietary biomarker-based diagnostic IP for preeclampsia. Highly differentiated from generic diagnostic kits.",Strong,"Founder is a biotechnology scientist. Deep domain expertise driving the product development.",Strong,"Maternal health diagnostics is a growing focus area. Supported by BIRAC and Make-in-India medtech initiatives.",Moderate,"Recent funding from BIRAC and transition to commercialization phase. Signals: Certifications + Hiring.",80,A — Strong Federer,Pass,"Classic scientist-led biotech startup. Small scale currently, but strong IP and technical founder make it an ideal candidate for execution structuring as they scale.",Securing BIRAC funding for your point-of-care preeclampsia diagnostic devices is a massive validation of your proprietary biomarker research.,intignus.in; BIRAC funding announcements; founder LinkedIn
Curioceutical LLP,curioceutical.com,Pune,Custom synthesis,"Complex organic drug synthesis, impurity profiling, and reference standards",<Rs.50Cr,Dr. Sandeep K.,Founder / R&D Head,"PhD in Organic Chemistry, ex-pharma R&D scientist",Moderate,"Operates advanced kilo-labs and pilot plants in Pune. Scales up to mid-volume manufacturing.",Strong,"HQ and labs in Pune.",Strong,"Focuses heavily on complex multi-step organic synthesis and rare reference standards. DSIR recognized.",Strong,"Scientist-founded. PhD leadership ensures deep understanding of complex chemical pathways.",Strong,"Pharma R&D outsourcing and demand for high-purity reference standards are growing rapidly.",Moderate,"Scaling kilo-lab capacity to handle larger CDMO batches. Signals: Facility + Financial.",80,A — Strong Federer,Pass,"Highly technical, scientist-led firm doing complex chemistry. Perfect candidate for structuring as they transition from R&D-heavy custom synthesis to larger batch manufacturing.",Scaling from 1g lab-synthesis to kilo-lab production for emerging drug discovery companies requires incredibly tight operational protocols.,curioceutical.com; DSIR recognition list; MCA data
Supreme Silicones,supremesilicones.com,Pune,Performance chemicals,"Specialty silicone emulsions, defoamers, and textile softeners",Rs.50-100Cr,Amit Bhardwaj,Technical Director,"Chemical engineer, gen-2 leadership actively driving modernization",Strong,"In-house manufacturing facility in Pune producing formulated silicone products.",Strong,"HQ and manufacturing in Pune.",Moderate,"Silicone formulations are specialized, though slightly more competitive than custom synthesis. Strong formulation IP.",Moderate,"Gen-2 leadership with chemical engineering background driving the technical side of the business.",Moderate,"Textile and industrial chemical tailwinds, though less pronounced than pharma/biotech.",Moderate,"Steady hiring and capacity optimization. Signals: Hiring + Financial.",65,B — Probable Federer,Pass,"Solid performance chemicals player. Gen-2 technical leadership makes them a good fit for operational upgrades to capture more market share in the specialty silicone space.",Capitalizing on the global supply chain shift for specialty silicone polymers requires tight internal operations to maintain formulation consistency.,supremesilicones.com; MCA filings; LinkedIn hiring data
Pune Techtrol,punetechtrol.com,Pune,Industrial sensors / instrumentation,"Level gauges, transmitters, and fluid automation systems",Rs.50-100Cr,Mayank Khatan,MD (Gen-2),"B.Tech, leading the transition from mechanical to advanced electronic sensors",Strong,"In-house manufacturing of industrial sensors and automation equipment in MIDC Pune.",Strong,"HQ and manufacturing in Pune.",Moderate,"Established industrial technology. Differentiating by moving into IoT and advanced transmitters.",Strong,"Engineering founder and gen-2 engineering leadership. Deep technical understanding of fluid dynamics and instrumentation.",Moderate,"Industrial automation and process optimization are steady growth sectors.",Strong,"127+ employees, active hiring for electronic engineers, expanding product lines. Signals: Hiring + Financial.",77.5,B — Probable Federer,Pass,"Strong industrial instrumentation company. Gen-2 engineering MD is pivoting the company from legacy mechanical gauges to advanced IoT sensors—a perfect growth inflection point.",Saw your recent push into advanced connected sensors and fluid level measurement automation—a great pivot from legacy mechanical systems.,punetechtrol.com; company LinkedIn page; product catalogs
Chembond Material Tech,chembondindia.com,Pune,Performance chemicals,"Industrial coatings, sealants, and adhesion promoters",Rs.100-300Cr,Sameer Shah,CMD,"Technical background, long-term industry veteran",Strong,"Large manufacturing footprint including a major facility in Alandi, Pune.",Strong,"HQ in Mumbai but primary manufacturing and technical center in Pune.",Moderate,"Differentiated industrial coatings but operates in a competitive segment.",Moderate,"Leadership has strong technical understanding, though operating at a slightly larger corporate scale.",Strong,"Infrastructure and automotive growth driving demand for specialized coatings.",Strong,"Alandi facility expansion and consistent YoY revenue growth. Signals: Facility + Financial.",72.5,B — Probable Federer,Pass,"Bordering on being too large/corporate, but the technical focus on material science and the ongoing expansion of the Pune facility keeps them in the Federer zone.",Expanding your Alandi facility for advanced material technology is a massive operational undertaking that requires flawless execution.,chembondindia.com; BSE filings; annual reports
Lavender Laboratories,lavenderlabs.co.in,Pune,Custom synthesis,"Pharma intermediates with specialized cryogenic reaction capabilities",<Rs.50Cr,Dr. Milind Joshi,Promoter,"PhD, deep expertise in cryogenic chemistry",Strong,"Manufacturing facility in Pune with specific infrastructure for ultra-low temperature reactions.",Strong,"HQ and manufacturing in Pune.",Strong,"Cryogenic reactions are a high-barrier niche. Most bulk chemical plants cannot safely execute these.",Strong,"Promoter is a PhD chemist. The company's competitive advantage is purely technical.",Moderate,"Pharma supply chain diversification provides a steady tailwind.",Moderate,"Upgrading facility to handle more complex multi-step reactions. Signals: Facility.",85,A — Strong Federer,Strong Pass,"Scientist-led, highly differentiated manufacturing capability (cryogenics). Exactly the type of company that needs execution frameworks to scale their specialized chemistry.",Mastering cryogenic reactions and implementing them safely at scale is a rare capability in the Pune chemical hub.,lavenderlabs.co.in; MCA filings
Demech Chemical,demechchemical.com,Pune,Performance chemicals,"Anti-corrosion wear compounds and ceramic-filled epoxies",Rs.50-100Cr,R.K. Sharma,Founder,"Engineering background, built proprietary formulations over decades",Strong,"In-house formulation and manufacturing of specialized epoxy compounds.",Strong,"HQ and manufacturing in Pune.",Strong,"Proprietary ceramic-filled epoxies are highly niche and defensible in heavy industry applications.",Moderate,"Engineering founder with deep product knowledge, though aging leadership.",Moderate,"Heavy industry and infrastructure maintenance are stable but not explosive growth sectors.",Moderate,"Steady financial performance, exploring new industrial applications. Signals: Financial.",70,B — Probable Federer,Borderline,"Very strong differentiation, but growth signals are moderate. Worth engaging if the gen-2/succession plan involves scaling up production.",Your proprietary ceramic-filled epoxy compounds for heavy industry are a highly defensible niche against commodity chemical imports.,demechchemical.com; MCA data
GeneOmbio Technologies,geneombio.com,Pune,Specialty diagnostics,"Molecular diagnostic kits and genomic testing platforms",<Rs.50Cr,Dr. Sachin P.,Technical Director,"PhD in Molecular Biology",Moderate,"Primarily a lab/kilo-scale producer of diagnostic kits, heavily R&D focused.",Strong,"HQ and labs in Pune.",Strong,"Deep genomic IP and molecular diagnostic capabilities.",Strong,"PhD leadership. Core competency is molecular biology research.",Strong,"Genomics and personalized medicine are experiencing massive tailwinds.",Moderate,"Steady growth in test volumes and kit development. Signals: Financial.",75,B — Probable Federer,Pass,"Strong biotech Federer. The transition from R&D genomic services to manufacturing scalable diagnostic kits requires the exact operational discipline DeepThought provides.",Transitioning from specialized genomic services to manufacturing scalable molecular diagnostic kits is a complex operational leap.,geneombio.com; DSIR data
Polybond India,polybondindia.com,Pune,Performance chemicals / materials,"High-performance rubber and silicone extruded products for automotive and industrial use",Rs.100-300Cr,Adit Rathi,MD,"Gen-2 leadership, modernizing legacy manufacturing",Strong,"Multiple manufacturing plants in Pune. Deep in-house compounding and extrusion capabilities.",Strong,"HQ and manufacturing in Pune.",Moderate,"High-performance polymers are differentiated, though auto-components is a crowded space.",Moderate,"Gen-2 MD driving growth, strong technical teams in place.",Moderate,"Auto industry shifts (EVs) require new polymer specifications.",Strong,"New plant expansions and strong export growth. Signals: Facility + Financial.",72.5,B — Probable Federer,Pass,"A slightly larger, established company, but gen-2 leadership is actively expanding facilities and targeting new technical specs for EVs. Good growth candidate.",Adapting your high-performance polymer extrusions to meet the new specifications for the EV market requires rapid internal R&D cycles.,polybondindia.com; MCA filings; export data
Spansules Pharmatech,spansules.com,Pune,Complex APIs,"Pelletized APIs and modified-release formulations",Rs.50-100Cr,Suresh Reddy,Technical Director,"Pharmacy background, deep expertise in formulation tech",Strong,"Manufacturing facility dedicated to complex pelletization and modified release.",Strong,"HQ in Hyderabad, major operational presence/manufacturing tied to Pune region networks.",Moderate,"Modified release pellets are a step above generic APIs, requiring specialized machinery.",Moderate,"Technical leadership focused on formulation science.",Moderate,"Solid tailwinds in life-cycle management of existing generic drugs.",Moderate,"Steady capacity utilization and regulatory audits. Signals: Certifications.",65,C — Borderline,Borderline,"Good technical foundation but operates in a slightly more commoditized part of the specialty pharma space. Keep as a backup.",Your focus on modified-release pelletized APIs requires a level of manufacturing precision that standard bulk API plants struggle with.,spansules.com; MCA filings
Bionexara LLP,bionexara.com,Pune,Specialty biotech,"Custom RNA synthesis for research applications",<Rs.50Cr,Scientist Promoters,Founders,"Academic research backgrounds",Moderate,"Lab-scale manufacturing of custom RNA.",Strong,"HQ in Pune.",Strong,"RNA synthesis is highly specialized and in massive demand globally.",Strong,"Purely scientist-led organization.",Strong,"mRNA and biotech research tailwinds are extremely strong.",Weak,"Very new entity, limited visible scale-up data yet. Signals: 0.",60,C — Borderline,Borderline,"Incredible niche (RNA synthesis) and technical team, but currently too small with no visible growth signals. Monitor for future scaling.",Bringing precise custom RNA synthesis capabilities locally to Pune bridges a huge supply gap for emerging biotech researchers.,bionexara.com; company website
Synvision Chem,synvision.in,Pune,Custom synthesis,"Impurity standards and complex chemical reference materials",<Rs.50Cr,Dr. M. Patil,Founder,"PhD in Chemistry",Moderate,"Small-scale synthesis labs.",Strong,"HQ in Pune.",Moderate,"Impurity synthesis requires high technical skill but market size is capped.",Strong,"PhD-led chemistry team.",Moderate,"Steady demand from pharma QA/QC labs.",Weak,"Stagnant growth signals, operates as a boutique lab. Signals: 0.",52.5,C — Borderline,Borderline,"Technically sound but operates more like a boutique lab than a scaling manufacturer. May lack the growth ambition (C6) required for the ICP.",Specializing in complex impurity synthesis for CDMOs requires deep technical rigor and flawless QA processes.,synvision.in; MCA data
Clean Science & Tech,cleanscience.co.in,Pune,Performance chemicals,"MEHQ, BHA, Anisole",>Rs.500Cr,—,—,"Not evaluated - Revenue exceeds Rs.500Cr.",Strong,"Massive in-house manufacturing in Kurkumbh.",Strong,"HQ and manufacturing in Pune.",Strong,"Catalytic processes are highly proprietary.",Not scored,"Not evaluated.",Strong,"Global market leader.",Strong,"Revenue >Rs.900Cr.",0,D — Auto-disqualify,Fail — Auto-disqualify,"Revenue is roughly Rs.900Cr+. Would be a textbook Federer 5 years ago, but has completely outgrown our target Rs.500Cr ceiling.",—,cleanscience.co.in; BSE financials
Alkyl Amines,alkylamines.com,Pune,Specialty chemicals,"Aliphatic amines",>Rs.500Cr,—,—,"Not evaluated - Revenue exceeds Rs.500Cr.",Strong,"Large scale manufacturing.",Strong,"HQ in Mumbai/Pune.",Moderate,"High volume specialty.",Not scored,"Not evaluated.",Moderate,"Steady sector.",Strong,"Revenue >Rs.1500Cr.",0,D — Auto-disqualify,Fail — Auto-disqualify,"Massive publicly traded company with revenue over Rs.1500Cr. Fails the size constraint completely.",—,alkylamines.com; BSE financials
Serum Institute,seruminstitute.com,Pune,Specialty biotech,"Vaccines",>Rs.500Cr,—,—,"Not evaluated - Revenue massively exceeds limit.",Strong,"World's largest vaccine manufacturer.",Strong,"HQ and manufacturing in Pune.",Strong,"Deep IP.",Not scored,"Not evaluated.",Strong,"Global health tailwinds.",Strong,"Revenue in thousands of crores.",0,D — Auto-disqualify,Fail — Auto-disqualify,"Revenue is in the thousands of crores. Far too large for the MSME/mid-cap ICP target.",—,seruminstitute.com; public records
Enzene Biosciences,enzene.com,Pune,Specialty biotech,"Biosimilars and continuous manufacturing",Rs.100-300Cr,—,—,"Not evaluated - Subsidiary of Alkem Labs.",Strong,"Advanced continuous manufacturing plant in Pune.",Strong,"HQ and plant in Pune.",Strong,"Pioneers in continuous manufacturing for biologics.",Fail,"Wholly owned subsidiary of Alkem Laboratories. Decision making is corporate, not independent founder.",Strong,"Biosimilars boom.",Strong,"Rapidly expanding facilities.",0,D — Auto-disqualify,Fail — Auto-disqualify,"Technically brilliant company, but it is a subsidiary of Alkem Laboratories. DeepThought targets independent, founder-driven MSMEs, not corporate subsidiaries where strategic decisions are made by a parent board.",—,enzene.com; Alkem Labs annual report
Gennova Biopharma,gennova.bio,Pune,Specialty biotech,"mRNA vaccines and biologics",Rs.100-300Cr,—,—,"Not evaluated - Subsidiary of Emcure.",Strong,"Manufacturing in Pune.",Strong,"HQ in Pune.",Strong,"Developed India's first mRNA vaccine.",Fail,"Subsidiary of Emcure Pharmaceuticals.",Strong,"Biotech tailwinds.",Strong,"Scaling rapidly.",0,D — Auto-disqualify,Fail — Auto-disqualify,"Subsidiary of Emcure Pharmaceuticals. Similar to Enzene, the lack of independent promoter-driven ownership disqualifies them from the Federer ICP.",—,gennova.bio; Emcure public filings
Aquapharm Chemicals,aquapharm.net,Pune,Performance chemicals,"Water treatment chemicals and phosphonates",Rs.300-500Cr,—,—,"Not evaluated - PE/Corporate acquired.",Strong,"Large manufacturing footprint.",Strong,"HQ in Pune.",Moderate,"Water treatment chemicals.",Fail,"Recently acquired/majority stake bought out. No longer independent promoter driven.",Moderate,"Water scarcity tailwinds.",Moderate,"Steady growth.",0,D — Auto-disqualify,Fail — Auto-disqualify,"Ownership has transitioned away from the founding promoters to institutional/corporate control. Fails the 'wants to build in-house' promoter dynamic.",—,aquapharm.net; acquisition press releases
Tulip Diagnostics,tulipgroup.com,Pune,Specialty diagnostics,"IVD kits",Rs.300-500Cr,—,—,"Not evaluated - Sales office only in Pune.",Fail,"No manufacturing in Pune.",Fail,"HQ and manufacturing are in Goa. Pune is just a sales/distribution office.",Moderate,"Standard IVD kits.",Not scored,"Not evaluated.",Moderate,"Diagnostics sector.",Moderate,"Steady.",0,D — Auto-disqualify,Fail — Auto-disqualify,"Pune location is merely a sales office. Primary operations and HQ are in Goa. Fails the operational presence test for the chosen city.",—,tulipgroup.com; MCA address records
Avient Materials India,avient.com,Pune,Performance chemicals,"Polymer additives",>Rs.500Cr,—,—,"Not evaluated - MNC Subsidiary.",Strong,"Manufacturing in Pune.",Strong,"Operations in India.",Moderate,"Polymer additives.",Fail,"Subsidiary of US-based Avient Corporation.",Moderate,"Steady.",Moderate,"Steady.",0,D — Auto-disqualify,Fail — Auto-disqualify,"Subsidiary of a massive global MNC (Avient). Local leadership does not have the strategic autonomy of an MSME founder.",—,avient.com; corporate structure
Megachem Specialty,megachem.com,Pune,Specialty chemicals,"Chemical distribution",<Rs.50Cr,—,—,"Not evaluated - Distributor.",Fail,"Pure trading and distribution company. No in-house production.",Strong,"Operations in Pune.",Weak,"Commodity trading.",Not scored,"Not evaluated.",Weak,"No specific tailwinds.",Weak,"No signals.",0,D — Auto-disqualify,Fail — Auto-disqualify,"Pure distributor/trader. Does not manufacture anything in-house. Fails C1 entirely.",—,megachem.com; website 'About Us' section
Krsnaa Diagnostics,krsnaadiagnostics.com,Pune,Diagnostics,"Diagnostic centers and radiology services",>Rs.500Cr,—,—,"Not evaluated - Service company, not manufacturer.",Fail,"Service provider (running diagnostic labs). Does not manufacture the physical diagnostic kits or MRI machines.",Strong,"HQ in Pune.",Weak,"Service delivery IP, not product IP.",Not scored,"Not evaluated.",Moderate,"Healthcare growth.",Strong,"Rapidly expanding lab network.",0,D — Auto-disqualify,Fail — Auto-disqualify,"Service company. They operate diagnostic labs but do not manufacture physical products. Common trap in the healthcare sector.",—,krsnaadiagnostics.com; BSE filings
Vimta Labs (Pune branch),vimtalabs.com,Pune,Contract research,"Analytical testing services",<Rs.50Cr,—,—,"Not evaluated - CRO/Service company.",Fail,"Contract Research Organization. Sells testing services, not physical products.",Strong,"Branch in Pune.",Weak,"Service IP.",Not scored,"Not evaluated.",Moderate,"Pharma outsourcing.",Moderate,"Steady.",0,D — Auto-disqualify,Fail — Auto-disqualify,"CRO providing testing services. Fails C1. They test chemicals but do not manufacture them.",—,vimtalabs.com; service catalog
Suven Pharma (Pune ops),suven.com,Pune,CDMO,"Pharma intermediates",>Rs.500Cr,—,—,"Not evaluated - PE Owned.",Strong,"Manufacturing capabilities.",Strong,"India based.",Strong,"Complex chemistry.",Fail,"PE Controlled (Advent International).",Strong,"CDMO tailwinds.",Strong,"Expanding.",0,D — Auto-disqualify,Fail — Auto-disqualify,"PE controlled and revenue exceeds limit. Institutional investors drive decisions, not capability-building founders.",—,suven.com; PE buyout news